{"cameraMode":{"drawMode":0,"name":"Shaded","section":"Shading Mode"},"sceneLighting":false,"audioPlay":false,"sceneViewState":{"showFog":true,"showMaterialUpdate":false,"showSkybox":true,"showFlares":true,"showImageEffects":true,"showParticleSystems":true},"in2DMode":false,"pivot":{"x":-4.067098617553711,"y":2.4634227752685549,"z":-14.8743896484375},"rotation":{"x":0.24922388792037965,"y":0.3950914442539215,"z":-0.11242378503084183,"w":0.8771569132804871},"size":40.0103759765625,"orthographic":true}