{"cameraMode":{"drawMode":0,"name":"Shaded","section":"Shading Mode"},"sceneLighting":false,"audioPlay":false,"sceneViewState":{"showFog":true,"showMaterialUpdate":false,"showSkybox":true,"showFlares":true,"showImageEffects":true,"showParticleSystems":true},"in2DMode":false,"pivot":{"x":-1.1361942291259766,"y":2.214954376220703,"z":-14.031219482421875},"rotation":{"x":-0.019993187859654428,"y":-0.09857399761676789,"z":-0.0021108374930918218,"w":0.9950567483901978},"size":22.0,"orthographic":true}