{"cameraMode":{"drawMode":0,"name":"Shaded","section":"Shading Mode"},"sceneLighting":true,"audioPlay":false,"sceneViewState":{"showFog":true,"showMaterialUpdate":false,"showSkybox":true,"showFlares":true,"showImageEffects":true,"showParticleSystems":true},"in2DMode":false,"pivot":{"x":-1.146601676940918,"y":0.6028711199760437,"z":-5.159296989440918},"rotation":{"x":0.07872800529003144,"y":-0.2716074585914612,"z":0.02224128507077694,"w":0.9589542746543884},"size":12.887051582336426,"orthographic":true}