{"cameraMode":{"drawMode":0,"name":"Shaded","section":"Shading Mode"},"sceneLighting":true,"audioPlay":false,"sceneViewState":{"showFog":true,"showMaterialUpdate":false,"showSkybox":true,"showFlares":true,"showImageEffects":true,"showParticleSystems":true},"in2DMode":false,"pivot":{"x":-2.5105395317077638,"y":0.15723416209220887,"z":-7.682933330535889},"rotation":{"x":0.05563959851861,"y":-0.48980093002319338,"z":0.03133232891559601,"w":0.8695122599601746},"size":5.816926002502441,"orthographic":true}