{"cameraMode":{"drawMode":0,"name":"Shaded","section":"Shading Mode"},"sceneLighting":false,"audioPlay":false,"sceneViewState":{"showFog":true,"showMaterialUpdate":false,"showSkybox":true,"showFlares":true,"showImageEffects":true,"showParticleSystems":true},"in2DMode":false,"pivot":{"x":-0.3701171875,"y":1.2100000381469727,"z":-3.9700000286102297},"rotation":{"x":0.07755488157272339,"y":-0.7176526188850403,"z":0.08035966753959656,"w":0.6875986456871033},"size":2.857884645462036,"orthographic":true}