{"cameraMode":{"drawMode":0,"name":"Shaded","section":"Shading Mode"},"sceneLighting":true,"audioPlay":false,"sceneViewState":{"showFog":true,"showMaterialUpdate":false,"showSkybox":true,"showFlares":true,"showImageEffects":true,"showParticleSystems":true},"in2DMode":false,"pivot":{"x":-1.3257099390029908,"y":1.7396539449691773,"z":-16.026182174682618},"rotation":{"x":-0.1775643676519394,"y":-0.15803194046020509,"z":0.029073383659124376,"w":-0.9709919095039368},"size":18.353307723999025,"orthographic":true}