{"cameraMode":{"drawMode":0,"name":"Shaded","section":"Shading Mode"},"sceneLighting":false,"audioPlay":false,"sceneViewState":{"showFog":true,"showMaterialUpdate":false,"showSkybox":true,"showFlares":true,"showImageEffects":true,"showParticleSystems":true},"in2DMode":false,"pivot":{"x":-1.1361942291259766,"y":2.214954376220703,"z":-14.031219482421875},"rotation":{"x":0.14464107155799867,"y":0.1875161975622177,"z":-0.02827579155564308,"w":0.9712870121002197},"size":22.0,"orthographic":true}