{"cameraMode":{"drawMode":0,"name":"Shaded","section":"Shading Mode"},"sceneLighting":false,"audioPlay":false,"sceneViewState":{"showFog":true,"showMaterialUpdate":false,"showSkybox":true,"showFlares":true,"showImageEffects":true,"showParticleSystems":true},"in2DMode":false,"pivot":{"x":-1.1361942291259766,"y":2.214954376220703,"z":-14.031219482421875},"rotation":{"x":-0.15659058094024659,"y":0.12067492306232453,"z":-0.019131820648908616,"w":-0.9802005290985107},"size":22.0,"orthographic":true}