{"cameraMode":{"drawMode":0,"name":"Shaded","section":"Shading Mode"},"sceneLighting":false,"audioPlay":false,"sceneViewState":{"showFog":true,"showMaterialUpdate":false,"showSkybox":true,"showFlares":true,"showImageEffects":true,"showParticleSystems":true},"in2DMode":false,"pivot":{"x":-1.8690006732940674,"y":2.361666679382324,"z":-15.534719467163086},"rotation":{"x":0.2477065622806549,"y":-0.20007209479808808,"z":0.05219884589314461,"w":0.9466513991355896},"size":49.5816764831543,"orthographic":true}