{"cameraMode":{"drawMode":0,"name":"Shaded","section":"Shading Mode"},"sceneLighting":true,"audioPlay":false,"sceneViewState":{"showFog":true,"showMaterialUpdate":false,"showSkybox":true,"showFlares":true,"showImageEffects":true,"showParticleSystems":true},"in2DMode":false,"pivot":{"x":-2.119999885559082,"y":0.5899999737739563,"z":-3.369999885559082},"rotation":{"x":0.0868983119726181,"y":0.22803889214992524,"z":-0.02049325220286846,"w":0.9695789813995361},"size":1.2240577936172486,"orthographic":true}