{"cameraMode":{"drawMode":0,"name":"Shaded","section":"Shading Mode"},"sceneLighting":true,"audioPlay":false,"sceneViewState":{"showFog":true,"showMaterialUpdate":false,"showSkybox":true,"showFlares":true,"showImageEffects":true,"showParticleSystems":true},"in2DMode":false,"pivot":{"x":-6.353939056396484,"y":1.670239806175232,"z":-1.7856683731079102},"rotation":{"x":0.11407407373189926,"y":-0.24330846965312959,"z":0.028716038912534715,"w":0.9628469347953796},"size":66.6833267211914,"orthographic":true}