{"cameraMode":{"drawMode":0,"name":"Shaded","section":"Shading Mode"},"sceneLighting":true,"audioPlay":false,"sceneViewState":{"showFog":true,"showMaterialUpdate":false,"showSkybox":true,"showFlares":true,"showImageEffects":true,"showParticleSystems":true},"in2DMode":false,"pivot":{"x":-1.3257099390029908,"y":1.7396539449691773,"z":-16.026182174682618},"rotation":{"x":-0.11471042037010193,"y":0.671629011631012,"z":-0.10611990839242935,"w":-0.7243390083312988},"size":6.038862705230713,"orthographic":true}