{"cameraMode":{"drawMode":0,"name":"Shaded","section":"Shading Mode"},"sceneLighting":true,"audioPlay":false,"sceneViewState":{"showFog":true,"showMaterialUpdate":false,"showSkybox":true,"showFlares":true,"showImageEffects":true,"showParticleSystems":true},"in2DMode":false,"pivot":{"x":3.000572681427002,"y":2.664299249649048,"z":-11.341700553894043},"rotation":{"x":-0.17400531470775605,"y":0.6019397377967835,"z":-0.13636326789855958,"w":-0.7674118280410767},"size":13.531195640563965,"orthographic":true}