{"cameraMode":{"drawMode":0,"name":"Shaded","section":"Shading Mode"},"sceneLighting":true,"audioPlay":false,"sceneViewState":{"showFog":true,"showMaterialUpdate":false,"showSkybox":true,"showFlares":true,"showImageEffects":true,"showParticleSystems":true},"in2DMode":false,"pivot":{"x":-2.5105395317077638,"y":0.15723416209220887,"z":-7.682933330535889},"rotation":{"x":0.10553913563489914,"y":-0.35836929082870486,"z":0.040812987834215167,"w":0.9267043471336365},"size":13.54171085357666,"orthographic":true}