{"cameraMode":{"drawMode":0,"name":"Shaded","section":"Shading Mode"},"sceneLighting":true,"audioPlay":false,"sceneViewState":{"showFog":true,"showMaterialUpdate":false,"showSkybox":true,"showFlares":true,"showImageEffects":true,"showParticleSystems":true},"in2DMode":false,"pivot":{"x":-2.0684616565704347,"y":2.20238995552063,"z":-2.9830679893493654},"rotation":{"x":0.07981427758932114,"y":-0.28592830896377566,"z":0.02386469393968582,"w":0.9546682238578796},"size":7.429601192474365,"orthographic":true}