{"cameraMode":{"drawMode":0,"name":"Shaded","section":"Shading Mode"},"sceneLighting":false,"audioPlay":false,"sceneViewState":{"showFog":true,"showMaterialUpdate":false,"showSkybox":true,"showFlares":true,"showImageEffects":true,"showParticleSystems":true},"in2DMode":false,"pivot":{"x":218.9095001220703,"y":44.90666580200195,"z":3.1625826358795168},"rotation":{"x":0.07755488157272339,"y":-0.7176526188850403,"z":0.08035966753959656,"w":0.6875986456871033},"size":10.686324119567871,"orthographic":true}