{"cameraMode":{"drawMode":0,"name":"Shaded","section":"Shading Mode"},"sceneLighting":false,"audioPlay":false,"sceneViewState":{"showFog":true,"showMaterialUpdate":false,"showSkybox":true,"showFlares":true,"showImageEffects":true,"showParticleSystems":true},"in2DMode":false,"pivot":{"x":-0.3701171875,"y":1.2100000381469727,"z":-3.9700000286102297},"rotation":{"x":-0.13388043642044068,"y":-0.5455062985420227,"z":0.08891631662845612,"w":-0.8227012157440186},"size":25.528348922729493,"orthographic":true}