{"cameraMode":{"drawMode":0,"name":"Shaded","section":"Shading Mode"},"sceneLighting":true,"audioPlay":false,"sceneViewState":{"showFog":true,"showMaterialUpdate":false,"showSkybox":true,"showFlares":true,"showImageEffects":true,"showParticleSystems":true},"in2DMode":false,"pivot":{"x":-1.3257099390029908,"y":1.7396539449691773,"z":-16.026182174682618},"rotation":{"x":-0.3044464588165283,"y":0.2726871967315674,"z":-0.09121853858232498,"w":-0.9081906080245972},"size":18.353307723999025,"orthographic":true}