{"cameraMode":{"drawMode":0,"name":"Shaded","section":"Shading Mode"},"sceneLighting":true,"audioPlay":false,"sceneViewState":{"showFog":true,"showMaterialUpdate":false,"showSkybox":true,"showFlares":true,"showImageEffects":true,"showParticleSystems":true},"in2DMode":false,"pivot":{"x":-0.17346061766147614,"y":3.352020502090454,"z":-8.928949356079102},"rotation":{"x":-0.29917100071907046,"y":0.36933544278144839,"z":-0.12676559388637544,"w":-0.8707368969917297},"size":23.070222854614259,"orthographic":true}