{"cameraMode":{"drawMode":0,"name":"Shaded","section":"Shading Mode"},"sceneLighting":true,"audioPlay":false,"sceneViewState":{"showFog":true,"showMaterialUpdate":false,"showSkybox":true,"showFlares":true,"showImageEffects":true,"showParticleSystems":true},"in2DMode":false,"pivot":{"x":-1.3257099390029908,"y":1.7396539449691773,"z":-16.026182174682618},"rotation":{"x":-0.13510307669639588,"y":-0.16207890212535859,"z":0.02259022742509842,"w":-0.9773173332214356},"size":17.566362380981447,"orthographic":true}