{"cameraMode":{"drawMode":0,"name":"Shaded","section":"Shading Mode"},"sceneLighting":false,"audioPlay":false,"sceneViewState":{"showFog":true,"showMaterialUpdate":false,"showSkybox":true,"showFlares":true,"showImageEffects":true,"showParticleSystems":true},"in2DMode":false,"pivot":{"x":-1.25,"y":2.361666679382324,"z":-15.550000190734864},"rotation":{"x":0.43664565682411196,"y":-0.27277565002441409,"z":0.14035503566265107,"w":0.8458946347236633},"size":10.429228782653809,"orthographic":true}