{"cameraMode":{"drawMode":0,"name":"Shaded","section":"Shading Mode"},"sceneLighting":false,"audioPlay":false,"sceneViewState":{"showFog":true,"showMaterialUpdate":false,"showSkybox":true,"showFlares":true,"showImageEffects":true,"showParticleSystems":true},"in2DMode":false,"pivot":{"x":-1.1361942291259766,"y":2.214954376220703,"z":-14.031219482421875},"rotation":{"x":0.23066435754299165,"y":0.2675427198410034,"z":-0.06651855260133743,"w":0.9333142042160034},"size":22.0,"orthographic":true}