{"cameraMode":{"drawMode":0,"name":"Shaded","section":"Shading Mode"},"sceneLighting":true,"audioPlay":false,"sceneViewState":{"showFog":true,"showMaterialUpdate":false,"showSkybox":true,"showFlares":true,"showImageEffects":true,"showParticleSystems":true},"in2DMode":false,"pivot":{"x":-1.5099999904632569,"y":0.8600000143051148,"z":-11.550000190734864},"rotation":{"x":0.15398849546909333,"y":-0.1680900752544403,"z":0.026562927290797235,"w":0.9733538627624512},"size":8.699544906616211,"orthographic":true}