{"cameraMode":{"drawMode":0,"name":"Shaded","section":"Shading Mode"},"sceneLighting":true,"audioPlay":false,"sceneViewState":{"showFog":true,"showMaterialUpdate":false,"showSkybox":true,"showFlares":true,"showImageEffects":true,"showParticleSystems":true},"in2DMode":false,"pivot":{"x":-1.5099999904632569,"y":1.0299999713897706,"z":-11.550000190734864},"rotation":{"x":0.10533340275287628,"y":-0.7057998180389404,"z":0.1072637215256691,"w":0.6923528909683228},"size":9.173090934753418,"orthographic":true}