{"cameraMode":{"drawMode":0,"name":"Shaded","section":"Shading Mode"},"sceneLighting":true,"audioPlay":false,"sceneViewState":{"showFog":true,"showMaterialUpdate":false,"showSkybox":true,"showFlares":true,"showImageEffects":true,"showParticleSystems":true},"in2DMode":false,"pivot":{"x":-1.2400000095367432,"y":1.8919243812561036,"z":-16.18000030517578},"rotation":{"x":-0.14415273070335389,"y":0.05727285146713257,"z":-0.008342680521309376,"w":-0.9878816604614258},"size":22.0,"orthographic":true}