{"cameraMode":{"drawMode":0,"name":"Shaded","section":"Shading Mode"},"sceneLighting":false,"audioPlay":false,"sceneViewState":{"showFog":true,"showMaterialUpdate":false,"showSkybox":true,"showFlares":true,"showImageEffects":true,"showParticleSystems":true},"in2DMode":false,"pivot":{"x":-0.9118123054504395,"y":1.7931022644042969,"z":1.3371872901916505},"rotation":{"x":-0.22404806315898896,"y":0.6779028177261353,"z":-0.22941537201404572,"w":-0.6616994738578796},"size":23.880910873413087,"orthographic":true}