{"cameraMode":{"drawMode":0,"name":"Shaded","section":"Shading Mode"},"sceneLighting":false,"audioPlay":false,"sceneViewState":{"showFog":true,"showMaterialUpdate":false,"showSkybox":true,"showFlares":true,"showImageEffects":true,"showParticleSystems":true},"in2DMode":false,"pivot":{"x":-1.2173104286193848,"y":2.1598520278930666,"z":-17.614381790161134},"rotation":{"x":0.20459578931331635,"y":-0.20943449437618257,"z":0.04444335401058197,"w":0.9552968740463257},"size":33.1679801940918,"orthographic":true}