{"cameraMode":{"drawMode":0,"name":"Shaded","section":"Shading Mode"},"sceneLighting":false,"audioPlay":false,"sceneViewState":{"showFog":true,"showMaterialUpdate":false,"showSkybox":true,"showFlares":true,"showImageEffects":true,"showParticleSystems":true},"in2DMode":false,"pivot":{"x":-4.483423233032227,"y":0.7512028813362122,"z":-1.1449692249298096},"rotation":{"x":-0.18684224784374238,"y":0.5671018362045288,"z":-0.13386870920658112,"w":-0.7910656929016113},"size":28.897232055664064,"orthographic":true}