{"cameraMode":{"drawMode":0,"name":"Shaded","section":"Shading Mode"},"sceneLighting":false,"audioPlay":false,"sceneViewState":{"showFog":true,"showMaterialUpdate":false,"showSkybox":true,"showFlares":true,"showImageEffects":true,"showParticleSystems":true},"in2DMode":false,"pivot":{"x":-1.1361942291259766,"y":2.214954376220703,"z":-14.031219482421875},"rotation":{"x":0.1974381059408188,"y":0.039887744933366778,"z":-0.00839276798069477,"w":0.9796143770217896},"size":24.572128295898439,"orthographic":true}