{"cameraMode":{"drawMode":0,"name":"Shaded","section":"Shading Mode"},"sceneLighting":true,"audioPlay":false,"sceneViewState":{"showFog":true,"showMaterialUpdate":false,"showSkybox":true,"showFlares":true,"showImageEffects":true,"showParticleSystems":true},"in2DMode":false,"pivot":{"x":-1.3257099390029908,"y":1.7396539449691773,"z":-16.026182174682618},"rotation":{"x":-0.21835677325725556,"y":-0.5253828763961792,"z":0.14185133576393128,"w":-0.8101590871810913},"size":32.26594924926758,"orthographic":true}