{"cameraMode":{"drawMode":0,"name":"Shaded","section":"Shading Mode"},"sceneLighting":false,"audioPlay":false,"sceneViewState":{"showFog":true,"showMaterialUpdate":false,"showSkybox":true,"showFlares":true,"showImageEffects":true,"showParticleSystems":true},"in2DMode":false,"pivot":{"x":-3.0180578231811525,"y":2.4668006896972658,"z":-4.270660400390625},"rotation":{"x":-0.22707709670066834,"y":0.5298227071762085,"z":-0.14965973794460298,"w":-0.8034601807594299},"size":49.0127067565918,"orthographic":true}